id;nombre;apellido;cargo;email;telefono
1;quarrelsomely;painfully override;negligible;Luz.LemusMesa@gmail.com;snow
2;how misguided;but;perp low;Olivia_RochaMontanez77@hotmail.com;yowza muddy
3;little enormously;shrill;packaging fiercely;Jaime43@yahoo.com;through
4;thankfully;mostly finally;than graduate;Natalia.RobledoGamez10@hotmail.com;what low fooey
5;until phew;dulcimer eek;braid woot violently;Ariadna_ConcepcionOlivera@gmail.com;slowly
6;signature at;validity;following minus;Carles_PeraltaMelgar47@hotmail.com;yuck interestingly aha
7;showy dissemble;jubilantly aw;lashes underneath;LuisMiguel38@hotmail.com;meh seriously oddly
8;furthermore soybean wee;lotion darling glittering;veto gloss;Sofia.HerreraReyes@gmail.com;yahoo never embalm
9;among waltz;woot obligation along;timely duh dredger;Lourdes.SolorzanoAcosta63@yahoo.com;provided retract tense
10;foolishly;premier;than parody;Ramiro81@hotmail.com;above
