id;nombre;apellido;email;telefono;documento_identidad;nacionalidad;fecha_nacimiento
1;free furthermore litter;vivaciously uh-huh;Andres_BenavidesSalinas36@yahoo.com;mallard;fondly excitedly;serialize;2025-06-17
2;yearly over;contravene;Sofia.AparicioColunga@gmail.com;if;in bookend;besides formula;2025-06-17
3;remarkable absentmindedly;hmph inwardly consequently;Marta68@gmail.com;gee beneath whenever;riser frozen tomorrow;rich behind;2025-06-17
4;since gadzooks;calmly swiftly;Jorge_MontanoAlvarez66@gmail.com;anti above;opposite hence minus;willfully factorise;2025-06-17
5;wrongly er;unlike seemingly;Maria_ArellanoCanales@hotmail.com;vastly poorly lobster;atop;including;2025-06-17
6;interior;well safely;MariaTeresa_PeralesBravo98@yahoo.com;aside assail per;valuable provided;oof gah;2025-06-17
7;aboard cheap;reluctantly stiff oof;Adela87@gmail.com;jubilantly;whispered anenst institute;without edible;2025-06-18
8;and perfectly mid;remorseful;Mariano_EscalanteArguello61@yahoo.com;nor yearly firm;quicker;distorted;2025-06-17
9;puzzled infatuated reckless;duh admired;Pio93@yahoo.com;unless amend uh-huh;and thigh;expatiate mmm;2025-06-17
10;redraw meanwhile;behind promptly beneath;Anita.BecerraSanchez88@hotmail.com;even yowza hmph;gosh;suspiciously an plus;2025-06-17
